,block,experiment,label_fraction,linear_accuracy,linear_accuracy,linear_auroc,linear_auroc,linear_auprc,linear_auprc
,,,,mean,std,mean,std,mean,std
0,ablation,resnet1d_contrastive_s123,0.01,0.8079271520841421,0.0029615877874984483,0.8870313548944697,0.0008457308173160388,0.9245359020015235,0.0020986076704189623
1,ablation,resnet1d_contrastive_s123,0.05,0.8248567630207414,0.005738736205024035,0.9010913096910036,0.0011182028346815838,0.9358292044622276,0.0012567083373978417
2,ablation,resnet1d_contrastive_s123,0.1,0.8270450240591066,0.002965861011369697,0.9044718262971508,0.0007972469534441265,0.9376782588626312,0.00023450215130046785
3,ablation,resnet1d_contrastive_s123,0.25,0.8297862327792092,0.0008818926025911009,0.9074816194705454,0.0013834533196012341,0.9394313419669663,0.00071646878707893
4,ablation,resnet1d_contrastive_s123,0.5,0.831303897692914,0.0013065334992059749,0.9092288584822277,0.00048422897753134744,0.9405600807361192,0.0002699874997186838
5,ablation,resnet1d_contrastive_s123,1.0,0.8304450640595772,0.0,0.909438316015073,0.0,0.9407125974759816,0.0
6,ablation,resnet1d_contrastive_s42,0.01,0.8096565841951082,0.004069292807096122,0.88581502941831,0.003657068222370954,0.9227613617262632,0.00394221248848609
7,ablation,resnet1d_contrastive_s42,0.05,0.8230096824668526,0.0022451133211959504,0.8993857956327789,0.0011648073020461152,0.9338552413927435,0.00086480861465819
8,ablation,resnet1d_contrastive_s42,0.1,0.8231273309097754,0.0021012354440689885,0.9024323460581543,0.001509870786324475,0.9360323914789968,0.0012273971505254418
9,ablation,resnet1d_contrastive_s42,0.25,0.8255979482111554,0.0010040865559995886,0.904103013126615,0.0007124520672065937,0.9370455947356463,0.00020352083100519475
10,ablation,resnet1d_contrastive_s42,0.5,0.827021494370522,0.00034036814883677674,0.9055434817012924,0.0006069551702500574,0.9379317226653433,0.00025910989771318644
11,ablation,resnet1d_contrastive_s42,1.0,0.8268803162390146,0.0,0.9060149969588082,0.0,0.938141659779356,0.0
12,ablation,resnet1d_contrastive_s456,0.01,0.8047741738138097,0.008844033406350567,0.8837976208656215,0.0027553918905360427,0.9224198142079568,0.0019575020694698668
13,ablation,resnet1d_contrastive_s456,0.05,0.8190566947846446,0.0036133972094371815,0.8987475896025828,0.00043610805553268033,0.9331510241091077,0.00014597990300825456
14,ablation,resnet1d_contrastive_s456,0.1,0.8207625972070259,0.002464138141264821,0.9019577427699906,0.001495622441814163,0.9350460157643076,0.0010239193396062703
15,ablation,resnet1d_contrastive_s456,0.25,0.8200214120166119,0.0007539603981228732,0.9034035240490185,0.0013157011478702769,0.9357362328659318,0.000731274884066227
16,ablation,resnet1d_contrastive_s456,0.5,0.8228096801138837,0.0015610933214997398,0.9048253471728228,0.0006828020767938015,0.9366342876074443,0.00031275260363177517
17,ablation,resnet1d_contrastive_s456,1.0,0.8231743902869445,0.0,0.9055892362203336,0.0,0.937099447784035,0.0
18,ablation,resnet1d_hybrid_s123,0.01,0.8131389781056247,0.0060908724808012935,0.8938838478587225,0.003949656045126498,0.930039804725093,0.0031091877729937066
19,ablation,resnet1d_hybrid_s123,0.05,0.8239391051659432,0.0027028177500012475,0.9035493361995153,0.0008318547450625562,0.9367747683257409,0.0011861969055663548
20,ablation,resnet1d_hybrid_s123,0.1,0.8249273520864951,0.0014879621410851963,0.9047802316738824,0.000788311842928615,0.9375873611914401,0.0006243374463285375
21,ablation,resnet1d_hybrid_s123,0.25,0.82562147789974,0.0006316965497786661,0.90686612584628,0.00132027465277611,0.9386218805865228,0.0007814854078463934
22,ablation,resnet1d_hybrid_s123,0.5,0.8259273638513394,0.0013154021920435241,0.9081057908518209,0.0006358333464031168,0.9392921373214976,0.0004819489988034959
23,ablation,resnet1d_hybrid_s123,1.0,0.8262097201143543,0.0,0.9085079401374672,0.0,0.939528417033168,0.0
24,ablation,resnet1d_hybrid_s42,0.01,0.8151390016353134,0.00551559188700964,0.8923084491700027,0.005756318269029651,0.9275822787533667,0.0060838718486114695
25,ablation,resnet1d_hybrid_s42,0.05,0.8232096848198215,0.0004941234602759831,0.9019669609748521,0.0008668921165793806,0.9356854281437745,0.0006438940073003641
26,ablation,resnet1d_hybrid_s42,0.1,0.8237273379686819,0.0007489873547875681,0.9033164405650397,0.0003056694629538988,0.9363844988262068,0.0003128300738642353
27,ablation,resnet1d_hybrid_s42,0.25,0.8253391216367252,0.0003707326264212162,0.905348903479576,0.0005266766738012422,0.9374453172110467,0.0003144647476582006
28,ablation,resnet1d_hybrid_s42,0.5,0.8257508911869551,0.00028889820251555397,0.9065087810471315,0.00032987089193863825,0.9380997724255492,0.0003232418939442247
29,ablation,resnet1d_hybrid_s42,1.0,0.826774432640384,0.0,0.9071065333659861,0.0,0.9384191070678037,0.0
30,ablation,resnet1d_hybrid_s456,0.01,0.8137860445417004,0.005638184253583405,0.892665313004554,0.0037446571653667595,0.9278176775416661,0.004045115191528634
31,ablation,resnet1d_hybrid_s456,0.05,0.8218096683490393,0.003179708998094515,0.9018739359635508,0.0006563879754637883,0.9351116384016703,0.0004820953736071236
32,ablation,resnet1d_hybrid_s456,0.1,0.8248097036435723,0.001763432036107082,0.9034156229428992,0.000984495674172003,0.9361300951462331,0.0006594713692636329
33,ablation,resnet1d_hybrid_s456,0.25,0.8247744091106955,0.000824211103101749,0.9050792403959901,0.0011075117083015611,0.93684368660749,0.0008163323305273305
34,ablation,resnet1d_hybrid_s456,0.5,0.8253038271038483,0.0007439810705426177,0.9062935383429463,0.00020688419633092952,0.9375718929403729,0.0001895231653570995
35,ablation,resnet1d_hybrid_s456,1.0,0.825539123989694,0.0,0.9065964015799187,0.0,0.93788998093391,0.0
36,ablation,resnet1d_mae_s123,0.01,0.7946093483452746,0.004767549826603706,0.869444308256118,0.0029908514682009395,0.9039909743726313,0.0054452365456544305
37,ablation,resnet1d_mae_s123,0.05,0.8057153613571924,0.0006217583859445208,0.8868970128148819,0.0005574493389654125,0.9223443214986017,0.0004031980244048827
38,ablation,resnet1d_mae_s123,0.1,0.8101271779667996,0.0007347142905679234,0.8903707770696528,0.0005610838875684611,0.9252990548626531,0.000654618272288591
39,ablation,resnet1d_mae_s123,0.25,0.8126919140225178,0.001400708349485379,0.892824167283389,0.0007282196808620767,0.9271325707466783,0.0008840172492136604
40,ablation,resnet1d_mae_s123,0.5,0.8140095765832539,0.00037073262642116117,0.8940146124454577,0.00021272622078048306,0.9278447743295098,0.00036423695055965273
41,ablation,resnet1d_mae_s123,1.0,0.8144566406663608,0.0,0.8944778782253927,0.0,0.9281224325882964,0.0
42,ablation,resnet1d_mae_s42,0.01,0.7970799656466546,0.008431282043956661,0.8698045677347167,0.0053057934472350715,0.9080721027326568,0.004232249428762916
43,ablation,resnet1d_mae_s42,0.05,0.8097154084165696,0.0019563277024420263,0.8854465918420354,0.00040499497870207386,0.9214485168108859,0.0005985144042751171
44,ablation,resnet1d_mae_s42,0.1,0.8124213226037954,0.0013874537806614756,0.889342925133819,0.0005433085906214372,0.9244655093327832,0.00064453192309443
45,ablation,resnet1d_mae_s42,0.25,0.8142331086248072,0.0014476496290394731,0.8914661917849968,0.0002764017817009994,0.9260423026738532,0.0003104516834463475
46,ablation,resnet1d_mae_s42,0.5,0.8149272344380522,0.0006013895654834129,0.8927323098433896,0.0002985839045754675,0.9267527103409495,0.000547138755611349
47,ablation,resnet1d_mae_s42,1.0,0.8143860516006071,0.0,0.8929372602450966,0.0,0.927040928470543,0.0
48,ablation,resnet1d_mae_s456,0.01,0.7955034765114884,0.004818576325690653,0.870101440158242,0.005344073142287281,0.9054640431717863,0.008921662661503744
49,ablation,resnet1d_mae_s456,0.05,0.8093742279320933,0.002140781446951771,0.8893273082303397,0.0010536855927240707,0.9235645883559745,0.0006881392244558179
50,ablation,resnet1d_mae_s456,0.1,0.8129625054412405,0.0006662476092550721,0.8922668210892731,0.0011944533406048866,0.9260830629582036,0.0005547673517140189
51,ablation,resnet1d_mae_s456,0.25,0.8140448711161308,5.39132895087439e-05,0.8943237350202811,0.0005392380399803596,0.9281488331076936,0.0002985978813283196
52,ablation,resnet1d_mae_s456,0.5,0.8146919375522065,0.0003163408901221824,0.8959413872136591,0.00033120709222947615,0.9291040308590466,0.00012852566678128857
53,ablation,resnet1d_mae_s456,1.0,0.8145272297321146,0.0,0.8962960722615896,0.0,0.929379400138752,0.0
54,ablation,wavkan_contrastive_s123,0.01,0.6133954517111966,0.020805291401052837,0.7492504073277279,0.017496109459586167,0.8178217354102572,0.009828341321105646
55,ablation,wavkan_contrastive_s123,0.05,0.7319380228002682,0.002264358159368337,0.8184115341659849,0.0029515428559467784,0.8649491918580369,0.002486943000493806
56,ablation,wavkan_contrastive_s123,0.1,0.757491264603113,0.0036384195676048615,0.8291758855513368,0.0025666957395719483,0.87413460420682,0.0020931965958206713
57,ablation,wavkan_contrastive_s123,0.25,0.7734914528406217,0.0008972959665722582,0.8426367759983832,0.0002585170148579404,0.8848928965570576,0.0001753075099009286
58,ablation,wavkan_contrastive_s123,0.5,0.7789738702808268,0.0007253291281919848,0.8482235910803236,0.000359506734046334,0.8895153484406131,0.00033167291638513697
59,ablation,wavkan_contrastive_s123,1.0,0.7847739385169237,0.0,0.8550722652196642,0.0,0.8954688689120034,0.0
60,ablation,wavkan_contrastive_s42,0.01,0.6083600983540983,0.009553828680651038,0.7260393583765038,0.013528695545982907,0.8013403271373756,0.005053133490582271
61,ablation,wavkan_contrastive_s42,0.05,0.7239967529029753,0.0019878061398833865,0.8131050721581499,0.0027831335304166717,0.8609882338594961,0.0022767453660705057
62,ablation,wavkan_contrastive_s42,0.1,0.7525735596889375,0.00032794173730911014,0.8308876470507617,0.0011287158975281989,0.8743655923603999,0.0013675260162137775
63,ablation,wavkan_contrastive_s42,0.25,0.7709737761620724,0.001150731682977528,0.8453105890579745,0.0007654089063487318,0.8864718274669254,0.0005869014188745036
64,ablation,wavkan_contrastive_s42,0.5,0.7817386086895141,0.0006807362976736168,0.8548857903166756,0.0005469620435121452,0.8947475856956523,0.0004370745418971757
65,ablation,wavkan_contrastive_s42,1.0,0.7848798221155543,0.0,0.8583672177140939,0.0,0.898453106602692,0.0
66,ablation,wavkan_contrastive_s456,0.01,0.6120307297732914,0.015371339740023214,0.7315078833598513,0.02921097091501565,0.8071348896826377,0.017871309898101803
67,ablation,wavkan_contrastive_s456,0.05,0.7199731761550137,0.004020944276892153,0.8142082791797788,0.0035728574337122072,0.8632358283859599,0.0026674988232075546
68,ablation,wavkan_contrastive_s456,0.1,0.7505853010035413,0.0012609256931928254,0.8294151509925639,0.0007353565656566233,0.8745010040642782,0.00036859542398539154
69,ablation,wavkan_contrastive_s456,0.25,0.7717855504182403,0.001400708349485332,0.8446439143423738,0.0008802489167161256,0.8861543335009543,0.0006661082607477142
70,ablation,wavkan_contrastive_s456,0.5,0.77893857574795,0.0012549841254541972,0.8506616193188122,0.0013888694866998697,0.8910588103802208,0.00100874013895149
71,ablation,wavkan_contrastive_s456,1.0,0.7845268767867856,0.0,0.8569052654875632,0.0,0.8959864573753048,0.0
72,ablation,wavkan_hybrid_s123,0.01,0.6206896551724138,0.016820094652936844,0.7386255152813362,0.020585655795115496,0.8102520781678583,0.012337533576284452
73,ablation,wavkan_hybrid_s123,0.05,0.7308674219696703,0.0023295282957759046,0.812752713755215,0.0025543863800302985,0.8590189793996608,0.001963949496508441
74,ablation,wavkan_hybrid_s123,0.1,0.7535618066094895,0.002197728336349528,0.8278400531191578,0.001003401802435097,0.8701441999119929,0.0008904849717131772
75,ablation,wavkan_hybrid_s123,0.25,0.7706914198990577,0.001305897716443738,0.8414889055505449,0.00043750639190955277,0.8815978707127895,2.9503856919734646e-05
76,ablation,wavkan_hybrid_s123,0.5,0.7778209155401828,0.0009516442849477689,0.8485882200288152,0.00025801992689812266,0.887055060546972,0.0002664208383055727
77,ablation,wavkan_hybrid_s123,1.0,0.78346804080048,0.0,0.8550687421115009,0.0,0.892603539832948,0.0
78,ablation,wavkan_hybrid_s42,0.01,0.611889551641784,0.01566855990845649,0.734659129410979,0.01279848618480645,0.8108152836195472,0.006347431534283672
79,ablation,wavkan_hybrid_s42,0.05,0.7232555677125614,0.0014393074156710658,0.810039425908692,0.0021203517673439166,0.8603482673809079,0.002193980072512558
80,ablation,wavkan_hybrid_s42,0.1,0.7523382628030918,0.0017120577186509923,0.8271183139054908,0.0014283274278457266,0.8730311423945337,0.0016800923393224495
81,ablation,wavkan_hybrid_s42,0.25,0.7727973270273768,0.00099598978874086,0.8432532400494509,0.0008367879038976472,0.8857923815763481,0.0006987209549087048
82,ablation,wavkan_hybrid_s42,0.5,0.7805150648831164,0.0008097256112457652,0.8516016008921916,0.0011028723620485161,0.8929647267161062,0.0011974411198837913
83,ablation,wavkan_hybrid_s42,1.0,0.785444534641584,0.0,0.8584926016156168,0.0,0.899104289198721,0.0
84,ablation,wavkan_hybrid_s456,0.01,0.6230543888751633,0.02478792108559042,0.7437073328317977,0.031379853762997185,0.8113589435941813,0.021443223585828168
85,ablation,wavkan_hybrid_s456,0.05,0.7308909516582549,0.0010554973501973825,0.8282474216354695,0.001837586693341921,0.8741106195885285,0.0017589331637540295
86,ablation,wavkan_hybrid_s456,0.1,0.7595854068871398,0.0019601445171093706,0.8389436765915462,0.0013200943346409644,0.8821847982260637,0.0007368316328581306
87,ablation,wavkan_hybrid_s456,0.25,0.7766091365780774,0.0011257425347503368,0.8484041380521624,0.0013043961922029022,0.8894670617246208,0.0009110919181480657
88,ablation,wavkan_hybrid_s456,0.5,0.7834445111118954,0.001080573889406231,0.854473887476881,0.00041711016905883247,0.8941971488951809,0.00040007502486457937
89,ablation,wavkan_hybrid_s456,1.0,0.7861151307662443,0.0,0.8584922855046094,0.0,0.8970813625208214,0.0
90,ablation,wavkan_mae_s123,0.01,0.6180072706737726,0.012066446667698598,0.7360777591337998,0.02101811587126542,0.8062092971750078,0.010999011431334065
91,ablation,wavkan_mae_s123,0.05,0.7347027612089554,0.0006624975929269957,0.8167312529041424,0.0022356702800940547,0.8614906216346866,0.0016077293654741943
92,ablation,wavkan_mae_s123,0.1,0.7550441769903175,0.0009808663324083517,0.8292175153315878,0.0012528573222488925,0.8719915471741161,0.0013152287467232807
93,ablation,wavkan_mae_s123,0.25,0.7729385051588843,0.0008748014186058956,0.8418799790542808,0.0006196686658963018,0.8836884517890823,0.00017986085062787427
94,ablation,wavkan_mae_s123,0.5,0.7812444852292378,0.0006871112248590677,0.8497213998124163,0.0005436065959343369,0.8908043939787053,0.0006162228328824306
95,ablation,wavkan_mae_s123,1.0,0.7863974870292592,0.0,0.855102713847669,0.0,0.8955033382539405,0.0
96,ablation,wavkan_mae_s42,0.01,0.611807197731738,0.018080184995755318,0.7277537677304965,0.022362399154040136,0.8020228102869583,0.017710005416559673
97,ablation,wavkan_mae_s42,0.05,0.7048671160837187,0.0030103981416072954,0.7916157557992568,0.002674403066938778,0.8461825280038058,0.0013893063353984346
98,ablation,wavkan_mae_s42,0.1,0.73431452134731,0.0003806795300500195,0.8120680003179329,0.0007167341347857049,0.8607951903753962,0.0008817085178185924
99,ablation,wavkan_mae_s42,0.25,0.7611030718008447,0.001425100992142833,0.8322304866102718,0.0009461372003743223,0.8756110510005094,0.0007653934985990458
100,ablation,wavkan_mae_s42,0.5,0.7730208590689301,0.0011539747096510334,0.8439545578122302,0.0006284303571910091,0.8847793538893485,0.00030283367941022976
101,ablation,wavkan_mae_s42,1.0,0.7823386157484206,0.0,0.8539497601308889,0.0,0.8922735512847533,0.0
102,ablation,wavkan_mae_s456,0.01,0.6268897281144484,0.013129961548308615,0.7463523967849294,0.007884600384868825,0.8129108442883934,0.006482935945221291
103,ablation,wavkan_mae_s456,0.05,0.7361380722126142,0.002997335085668625,0.8197998767153475,0.003698151925730828,0.8649334680717392,0.003052655082683221
104,ablation,wavkan_mae_s456,0.1,0.7602324733232155,0.0015263950373495603,0.8362407694226217,0.0005206806296607512,0.8781960637798226,0.00018490990437167816
105,ablation,wavkan_mae_s456,0.25,0.7774797350557066,0.0009400103227302902,0.8500864536412941,0.0009514997028427988,0.8903494372410464,0.0007229500824388905
106,ablation,wavkan_mae_s456,0.5,0.7828209743644043,0.00032794173730907176,0.8554410359021615,0.000759051120251425,0.8951662968029751,0.0007163404147116444
107,ablation,wavkan_mae_s456,1.0,0.7878798574100871,0.0,0.8601867526727899,0.0,0.8990764444792095,0.0
108,baselines,simclr_naive_s42,0.01,0.6274309109518935,0.007322148363069308,0.6633549670869298,0.006280894252418515,0.7155697388047232,0.004369380138002983
109,baselines,simclr_naive_s42,0.05,0.6651490017529618,0.003673740998378901,0.7159652863614946,0.0031435874046567055,0.764646618755211,0.003234660690295099
110,baselines,simclr_naive_s42,0.1,0.6731961552488853,0.0012579584172173089,0.726012946112169,0.0009425383471751494,0.7744713744782848,0.0010131117056199853
111,baselines,simclr_naive_s42,0.25,0.6788903398863516,0.0007764797232908405,0.7334174657681011,0.00044226545031563565,0.7803564296653734,0.0002702098281923596
112,baselines,simclr_naive_s42,0.5,0.6813962517206086,0.00036848574132318095,0.7362274274986828,0.00018006892920427025,0.7828249722227915,0.0003458671378193179
113,baselines,simclr_naive_s42,1.0,0.6821727314438993,0.0,0.736952910758314,0.0,0.7831921321628496,0.0
114,loo_ablation,resnet1d_hybrid_loo_amplitude_perturbation_s42,0.01,0.81162131319192,0.00875605600468934,0.892793502816148,0.003983483075535879,0.9282428749730175,0.0035409978400292386
115,loo_ablation,resnet1d_hybrid_loo_amplitude_perturbation_s42,0.05,0.8222920269650231,0.0027842442977126145,0.9021543740137338,0.0015382017582493976,0.9350542641762551,0.0009503536680632993
116,loo_ablation,resnet1d_hybrid_loo_amplitude_perturbation_s42,0.1,0.8239508700102354,0.0025419415635521588,0.9042125931772884,0.00046419289517397557,0.9361573849659347,0.0001307144545888256
117,loo_ablation,resnet1d_hybrid_loo_amplitude_perturbation_s42,0.25,0.8259744232285086,0.0016839351694021836,0.906058458823285,0.000924214012926949,0.9373854401885633,0.00035946243484564697
118,loo_ablation,resnet1d_hybrid_loo_amplitude_perturbation_s42,0.5,0.8254214755467711,0.0016630929703097717,0.9073120514078891,0.00041000768361115563,0.9381747115352415,0.00024089333775413626
119,loo_ablation,resnet1d_hybrid_loo_amplitude_perturbation_s42,1.0,0.82603324744997,0.0,0.9077671492872778,0.0,0.9385049688066299,0.0
120,loo_ablation,resnet1d_hybrid_loo_baseline_wander_s42,0.01,0.811127189731644,0.007585642804553218,0.8925026348022419,0.005504423207141348,0.9287735606148249,0.0034256717431375284
121,loo_ablation,resnet1d_hybrid_loo_baseline_wander_s42,0.05,0.8204214167225498,0.002688646612689601,0.9010739303836819,0.0014564010559826558,0.934233319411261,0.0004925668039558607
122,loo_ablation,resnet1d_hybrid_loo_baseline_wander_s42,0.1,0.8221861433663925,0.0003977491853875264,0.9030171140324028,0.0003033484500580651,0.9352878321332722,0.0006058259837233341
123,loo_ablation,resnet1d_hybrid_loo_baseline_wander_s42,0.25,0.8243273450275885,0.0006003529840196474,0.9046935679717252,0.0008956423439149544,0.9362836418216839,0.0005977134636672518
124,loo_ablation,resnet1d_hybrid_loo_baseline_wander_s42,0.5,0.8251979435052177,0.0004210762519128996,0.9059624171612409,0.0003867934775726911,0.9371791597517999,0.00019290931815798214
125,loo_ablation,resnet1d_hybrid_loo_baseline_wander_s42,1.0,0.8251861786609255,0.0,0.906416927006175,0.0,0.9374982233263084,0.0
126,loo_ablation,resnet1d_hybrid_loo_constrained_time_warp_s42,0.01,0.8092918740220473,0.008787157397679404,0.8915337681606793,0.005271245674745962,0.9275799937703854,0.004076705776277976
127,loo_ablation,resnet1d_hybrid_loo_constrained_time_warp_s42,0.05,0.8201272956152424,0.0036703485995405803,0.9007979569765986,0.0009708692382039214,0.9345264348291215,0.0002847715555257778
128,loo_ablation,resnet1d_hybrid_loo_constrained_time_warp_s42,0.1,0.8211508370686714,0.0018958563821676539,0.9027027620297846,0.000378592329241504,0.9355276663376171,0.0008302371311856268
129,loo_ablation,resnet1d_hybrid_loo_constrained_time_warp_s42,0.25,0.8217390792832857,0.001591127231338472,0.9043867754409401,0.00042461595933750065,0.9363379759846349,0.0001200935334100727
130,loo_ablation,resnet1d_hybrid_loo_constrained_time_warp_s42,0.5,0.8226332074494994,0.0004817843793324891,0.9053848619564304,9.611179283609889e-05,0.9370167945289513,0.00010161407965621479
131,loo_ablation,resnet1d_hybrid_loo_constrained_time_warp_s42,1.0,0.8227861504252991,0.0,0.905582485720756,0.0,0.937168035659029,0.0
132,loo_ablation,resnet1d_hybrid_loo_emg_noise_injection_s42,0.01,0.8097859974823233,0.004850184587588801,0.8903425446177432,0.004402392795982691,0.9267998127836378,0.003581118338911589
133,loo_ablation,resnet1d_hybrid_loo_emg_noise_injection_s42,0.05,0.8200331768609043,0.0017854289866857387,0.9016791605973354,0.0012110545153955752,0.9349482266554082,0.0006397400107322573
134,loo_ablation,resnet1d_hybrid_loo_emg_noise_injection_s42,0.1,0.8221979082106848,0.0017676654079831807,0.9044458712041118,0.00047565350560626365,0.9365466313214316,0.00031166513509590607
135,loo_ablation,resnet1d_hybrid_loo_emg_noise_injection_s42,0.25,0.8234567465499594,0.0010523454287138516,0.9062054606388634,0.00038509999552255173,0.9375158500019926,0.00026529328174375354
136,loo_ablation,resnet1d_hybrid_loo_emg_noise_injection_s42,0.5,0.8237861621901436,0.0007934077012711924,0.9074122908881499,0.00034558571665381694,0.9382439770188693,0.0002082673640152242
137,loo_ablation,resnet1d_hybrid_loo_emg_noise_injection_s42,1.0,0.8242685208061271,0.0,0.9077446850114924,0.0,0.938416517491569,0.0
138,loo_ablation,resnet1d_hybrid_loo_heart_rate_resample_s42,0.01,0.8082330380357415,0.006073565970067725,0.8905550833831498,0.0053906424107027584,0.9275524756487483,0.004219487317707856
139,loo_ablation,resnet1d_hybrid_loo_heart_rate_resample_s42,0.05,0.8191978729161519,0.002559360688691255,0.9002031890175776,0.0017962642152117595,0.9345044616140571,0.0010397310571463034
140,loo_ablation,resnet1d_hybrid_loo_heart_rate_resample_s42,0.1,0.8203390628125037,0.0016397086865452722,0.9032944062682052,0.0006229627310535642,0.9363947451612497,0.0004435149918596489
141,loo_ablation,resnet1d_hybrid_loo_heart_rate_resample_s42,0.25,0.8213508394216403,0.00046063534748539466,0.9049452603144914,0.0008091438005758899,0.9372719596374037,0.0003235144247662514
142,loo_ablation,resnet1d_hybrid_loo_heart_rate_resample_s42,0.5,0.8225273238508688,0.0010566768968684945,0.9063974232969217,0.0002080450542952906,0.9382020796820383,0.000187683712162111
143,loo_ablation,resnet1d_hybrid_loo_heart_rate_resample_s42,1.0,0.823068506688314,0.0,0.9067303102815124,0.0,0.9384596426104274,0.0
144,loo_ablation,resnet1d_hybrid_loo_powerline_interference_s42,0.01,0.8105036529841527,0.005584906779246887,0.8918488900465577,0.00553107092426096,0.927342381585202,0.0044097138262786375
145,loo_ablation,resnet1d_hybrid_loo_powerline_interference_s42,0.05,0.8203155331239191,0.0021442699578701633,0.9022941137737494,0.001389097158233466,0.9349019608867831,0.000895301158329893
146,loo_ablation,resnet1d_hybrid_loo_powerline_interference_s42,0.1,0.8227861504252991,0.0009555632210270887,0.9044622715870236,0.0002706367390978797,0.936346121168019,0.0004857920856308551
147,loo_ablation,resnet1d_hybrid_loo_powerline_interference_s42,0.25,0.8260920716714314,0.001330156001038009,0.906643162215715,0.0005034859556083569,0.9377073401537047,0.00024268939031008366
148,loo_ablation,resnet1d_hybrid_loo_powerline_interference_s42,0.5,0.8263038388686925,0.00047396409554192344,0.9076290699598119,0.0004423447953932348,0.9381582284744893,0.00023971687855087702
149,loo_ablation,resnet1d_hybrid_loo_powerline_interference_s42,1.0,0.8270920834362757,0.0,0.9081742288849268,0.0,0.9384544171186361,0.0
150,loo_ablation,resnet1d_hybrid_loo_segment_dropout_s42,0.01,0.8092683443334628,0.006623440160815965,0.8908178226159601,0.005147362706700942,0.9270727007542948,0.0038891479267238664
151,loo_ablation,resnet1d_hybrid_loo_segment_dropout_s42,0.05,0.8205743596983494,0.0018425413899412493,0.9011342005162412,0.0009549457042142434,0.9344559794384469,0.0005440038400183913
152,loo_ablation,resnet1d_hybrid_loo_segment_dropout_s42,0.1,0.8218684925705008,0.0014823703808280483,0.9031333239166245,0.0009023942275632968,0.9356914840742846,0.0007448913999941297
153,loo_ablation,resnet1d_hybrid_loo_segment_dropout_s42,0.25,0.8241038129860351,0.001520671546827726,0.9051012508995228,0.0009596379211469327,0.9368474120194364,0.00015383898205106384
154,loo_ablation,resnet1d_hybrid_loo_segment_dropout_s42,0.5,0.82562147789974,0.000963568758665086,0.9063064394109964,0.0004299337235336215,0.9376528199205776,0.0002792214928623661
155,loo_ablation,resnet1d_hybrid_loo_segment_dropout_s42,1.0,0.825292062259556,0.0,0.9066688164934408,0.0,0.9378964661721488,0.0
156,loo_ablation,resnet1d_hybrid_loo_wavelet_masking_s42,0.01,0.8104565936069837,0.005518414307146755,0.8915109146944603,0.004723306788678399,0.9277517198213174,0.004015515293889505
157,loo_ablation,resnet1d_hybrid_loo_wavelet_masking_s42,0.05,0.8225626183837457,0.0016854140354683276,0.9010575113060332,0.0008627368518812766,0.9347882807933855,0.0004076058069871009
158,loo_ablation,resnet1d_hybrid_loo_wavelet_masking_s42,0.1,0.8238214567230203,0.0015879925169529426,0.9033892157771289,0.00033621383400603673,0.9361816216911879,0.0003897840626979786
159,loo_ablation,resnet1d_hybrid_loo_wavelet_masking_s42,0.25,0.8256803021212015,0.00039774918538751657,0.9051148045838463,0.0009391202719832914,0.9369867275368806,0.00029028906605859316
160,loo_ablation,resnet1d_hybrid_loo_wavelet_masking_s42,0.5,0.8269979646819374,0.0006624975929269957,0.9065126236653454,0.00045878945204902964,0.937868867811205,0.0001302071558199946
161,loo_ablation,resnet1d_hybrid_loo_wavelet_masking_s42,1.0,0.8268450217061377,0.0,0.9069611223025738,0.0,0.9381950241056197,0.0
162,masking_sweep,resnet1d_hybrid_mask0_0_s42,0.01,0.8064212520147297,0.009934036951539486,0.8853579566948859,0.004184087145220881,0.9238903156937802,0.004059152944650889
163,masking_sweep,resnet1d_hybrid_mask0_0_s42,0.05,0.8211978964458405,0.003586000964643927,0.8995096856548633,0.0016431562336924562,0.9345944269677675,0.0015371803306398677
164,masking_sweep,resnet1d_hybrid_mask0_0_s42,0.1,0.8250097059965412,0.002017662221149367,0.9029619016759621,0.0016787780480448798,0.9363180841231397,0.0007333407253696472
165,masking_sweep,resnet1d_hybrid_mask0_0_s42,0.25,0.8270450240591066,0.0015546964634985732,0.9055867804117007,0.001235704717482902,0.9378659900823586,0.0005848374022033324
166,masking_sweep,resnet1d_hybrid_mask0_0_s42,0.5,0.8286450428828575,0.0003234797370526148,0.9071808313493799,0.0008605297239117561,0.938669920943341,0.00036946581427456105
167,masking_sweep,resnet1d_hybrid_mask0_0_s42,1.0,0.8294215226061482,0.0,0.9075926254197956,0.0,0.9390705609074926,0.0
168,masking_sweep,resnet1d_hybrid_mask0_2_s42,0.01,0.8092330498005859,0.006528248386256535,0.884734672463857,0.0034449686101508162,0.9222604516067756,0.003629685861709185
169,masking_sweep,resnet1d_hybrid_mask0_2_s42,0.05,0.8247626442664031,0.0017899583288894022,0.9017657631167171,0.0006278674136373151,0.9348224864550755,0.0009755192989974773
170,masking_sweep,resnet1d_hybrid_mask0_2_s42,0.1,0.8267509029517995,0.0004356170915321802,0.9041960466355237,0.0009936732129864243,0.9366391887073865,0.000541481266441907
171,masking_sweep,resnet1d_hybrid_mask0_2_s42,0.25,0.8260214826056776,0.00045928119850685773,0.9058362650759797,0.0006643920119725376,0.9380314078363329,0.00019829654044293074
172,masking_sweep,resnet1d_hybrid_mask0_2_s42,0.5,0.8279509170696127,0.0002852823128032024,0.9070956785218763,0.0004367613046973322,0.9388158239620633,0.00019145455346152124
173,masking_sweep,resnet1d_hybrid_mask0_2_s42,1.0,0.8276920904951823,0.0,0.9073550527020272,0.0,0.9389181118094876,0.0
174,masking_sweep,resnet1d_hybrid_mask0_5_s42,0.01,0.8146684078636218,0.006686614225326095,0.8939073335469564,0.005066241574800321,0.928827991507445,0.0039025565257268424
175,masking_sweep,resnet1d_hybrid_mask0_5_s42,0.05,0.8195390534006283,0.000834475023296898,0.901373557731632,0.0008358145969522701,0.9345526573838244,0.0007201881204672277
176,masking_sweep,resnet1d_hybrid_mask0_5_s42,0.1,0.8214684878645632,0.0011991487437063245,0.9033233202282548,0.0008232570572319449,0.9358746262734287,0.0007452385403970307
177,masking_sweep,resnet1d_hybrid_mask0_5_s42,0.25,0.8232920387298673,0.0006568324263677687,0.9048102146329838,0.0009582225817145266,0.9367262362781084,0.000498474673816049
178,masking_sweep,resnet1d_hybrid_mask0_5_s42,0.5,0.8244214637819268,0.0002068070898628076,0.9061866401372712,0.00040608021896600837,0.9375983795361688,0.00027283139031391657
179,masking_sweep,resnet1d_hybrid_mask0_5_s42,1.0,0.82479793879928,0.0,0.9065028123274644,0.0,0.9378399433738874,0.0
180,masking_sweep,resnet1d_hybrid_mask0_8_s42,0.01,0.8103977693855221,0.005518940999040662,0.8922194469261991,0.005534928892466019,0.9280830645178448,0.004627598988066019
181,masking_sweep,resnet1d_hybrid_mask0_8_s42,0.05,0.8211978964458405,0.0016281456386081548,0.9042871341922635,0.0010629298311383884,0.9371849651786185,0.000559273134500221
182,masking_sweep,resnet1d_hybrid_mask0_8_s42,0.1,0.8238214567230203,0.0020839720623018277,0.9064873772727906,0.0007049141207771515,0.9383689656744866,0.0006222831352049285
183,masking_sweep,resnet1d_hybrid_mask0_8_s42,0.25,0.8233508629513288,0.0015613592885042019,0.9076613591696502,0.0007280714418283958,0.9388575676822776,0.0004961689546115988
184,masking_sweep,resnet1d_hybrid_mask0_8_s42,0.5,0.823892045788774,0.000300176492009834,0.908657664586561,0.00047943621782434723,0.9394329272251065,0.00020955222577440492
185,masking_sweep,resnet1d_hybrid_mask0_8_s42,1.0,0.8230332121554372,0.0,0.9090020114449316,0.0,0.9396094626318692,0.0
186,masking_sweep,resnet1d_hybrid_mask1_0_s42,0.01,0.8005270650242945,0.006404020924509859,0.8761698418623753,0.004935085349886494,0.9150456089818796,0.005187609723109266
187,masking_sweep,resnet1d_hybrid_mask1_0_s42,0.05,0.8137154554759468,0.0015176649137049367,0.8899740611543868,0.002127289095054714,0.9259730078044895,0.001398442600703238
188,masking_sweep,resnet1d_hybrid_mask1_0_s42,0.1,0.8167037259261875,0.0006177383542312226,0.8926908857052455,0.0015352204343100139,0.9279508200900807,0.0008937020155855271
189,masking_sweep,resnet1d_hybrid_mask1_0_s42,0.25,0.8162684266873729,8.882262656349247e-05,0.8947422948859685,0.0009639999841483382,0.9296387348157404,0.000660224930606388
190,masking_sweep,resnet1d_hybrid_mask1_0_s42,0.5,0.8171154954764174,0.00038716885309013875,0.8958562360856771,0.0006009880211115049,0.9302630804034874,0.0003439149393625159
191,masking_sweep,resnet1d_hybrid_mask1_0_s42,1.0,0.818339039282815,0.0,0.8961163478581785,0.0,0.9305352610473628,0.0
192,qrs_ablation,resnet1d_hybrid_qrs_protected_s123,0.01,0.8153978282097437,0.007050283560078253,0.894620605744285,0.0046398897453158805,0.9289316238162373,0.004588273481263556
193,qrs_ablation,resnet1d_hybrid_qrs_protected_s123,0.05,0.8217743738161625,0.0017277506014667864,0.9022762161123561,0.0016087203510669111,0.9351543989849217,0.001175997035593408
194,qrs_ablation,resnet1d_hybrid_qrs_protected_s123,0.1,0.8251861786609255,0.00021468826210768353,0.9035866933826017,0.0005673742366014856,0.9360543266747637,0.0003931111059159225
195,qrs_ablation,resnet1d_hybrid_qrs_protected_s123,0.25,0.8265509005988306,0.001094320258283826,0.9057662685816169,0.0005621433157448496,0.937373324160296,0.0004679032534700554
196,qrs_ablation,resnet1d_hybrid_qrs_protected_s123,0.5,0.8286450428828575,0.0009046698632673247,0.9068444042614102,0.00020573087183526847,0.9381064390711605,0.00018905138940877752
197,qrs_ablation,resnet1d_hybrid_qrs_protected_s123,1.0,0.8279744467581972,0.0,0.9069526841781016,0.0,0.9382889638913778,0.0
198,qrs_ablation,resnet1d_hybrid_qrs_protected_s42,0.01,0.8098095271709079,0.0037785485789048074,0.891431983815334,0.004715756450477785,0.9273796499831913,0.003726255414453857
199,qrs_ablation,resnet1d_hybrid_qrs_protected_s42,0.05,0.8204567112554265,0.0023038977757904905,0.9011925314947176,0.0013088916625966665,0.9344168256601654,0.0007354123893395742
200,qrs_ablation,resnet1d_hybrid_qrs_protected_s42,0.1,0.8228332098024683,0.0016742907003933023,0.9036121845062589,0.0002571968811711787,0.936057572648019,0.0003040686944686985
201,qrs_ablation,resnet1d_hybrid_qrs_protected_s42,0.25,0.8238685161001894,0.001877700108910119,0.9057774684286001,0.00041299016481066985,0.937522436277955,0.00020512598054782638
202,qrs_ablation,resnet1d_hybrid_qrs_protected_s42,0.5,0.825292062259556,0.000795498370775086,0.9067747476713564,0.00022043725226157264,0.9382239905985553,0.00015702332566388806
203,qrs_ablation,resnet1d_hybrid_qrs_protected_s42,1.0,0.8252567677266791,0.0,0.9071277484934356,0.0,0.9384216335844039,0.0
204,qrs_ablation,resnet1d_hybrid_qrs_protected_s456,0.01,0.8144095812891917,0.0024310564067101994,0.8938169393950073,0.0043284857253750916,0.928997435424837,0.003650349285816994
205,qrs_ablation,resnet1d_hybrid_qrs_protected_s456,0.05,0.8215743714631937,0.0019190404918673551,0.9041397856742898,0.0009712662993815285,0.9372393707358414,0.00032321936640427397
206,qrs_ablation,resnet1d_hybrid_qrs_protected_s456,0.1,0.8240449887645737,0.0015227181202002648,0.9052493098175024,0.0012726236188047605,0.9378904825529712,0.0005696047269834835
207,qrs_ablation,resnet1d_hybrid_qrs_protected_s456,0.25,0.8251391192837563,0.0019910413167364073,0.9066918297146849,0.00034887612862484843,0.9387973046898096,0.00039272390333846863
208,qrs_ablation,resnet1d_hybrid_qrs_protected_s456,0.5,0.8253861810138942,0.001485867697020084,0.9081181004863731,0.0002936347541050285,0.9397220485849257,0.0002631052483859191
209,qrs_ablation,resnet1d_hybrid_qrs_protected_s456,1.0,0.8257508911869551,0.0,0.9085627344116075,0.0,0.9400606067830356,0.0
210,qrs_ablation,resnet1d_hybrid_qrs_unprotected_s123,0.01,0.8144684055106531,0.00204961686532894,0.8933007743074545,0.0040870521452674325,0.9287945882587129,0.0034326413954539332
211,qrs_ablation,resnet1d_hybrid_qrs_unprotected_s123,0.05,0.8225037941622843,0.0017473467397714514,0.9020942908285442,0.0019505350516367428,0.9349344719409279,0.000871193361832861
212,qrs_ablation,resnet1d_hybrid_qrs_unprotected_s123,0.1,0.8236332192143436,0.0015225817675588984,0.9030934140521771,0.0021831170642425484,0.9354672536866739,0.0011699322103674737
213,qrs_ablation,resnet1d_hybrid_qrs_unprotected_s123,0.25,0.8234567465499595,0.0008071574931019904,0.9044223413283176,0.0013729330139209198,0.9359754337364258,0.0008558629949605153
214,qrs_ablation,resnet1d_hybrid_qrs_unprotected_s123,0.5,0.8246567606677725,0.00045882892739919356,0.905721226162103,0.0006843553293909615,0.9366306896452122,0.0003624253433478355
215,qrs_ablation,resnet1d_hybrid_qrs_unprotected_s123,1.0,0.825786185719832,0.0,0.9060897776063209,0.0,0.9371200144787112,0.0
216,qrs_ablation,resnet1d_hybrid_qrs_unprotected_s42,0.01,0.8121860257179496,0.004151323292175149,0.8924574836133492,0.004002294181487987,0.9279067421637875,0.003541866825607903
217,qrs_ablation,resnet1d_hybrid_qrs_unprotected_s42,0.05,0.8213861339545172,0.0007321666317251481,0.9014205987884831,0.0010537997442748,0.9346102160485463,0.0010650888147985102
218,qrs_ablation,resnet1d_hybrid_qrs_unprotected_s42,0.1,0.8231861551312368,0.0015614922550182622,0.9035315575046302,0.0003178772197203169,0.9360270456725627,0.0009916865771278898
219,qrs_ablation,resnet1d_hybrid_qrs_unprotected_s42,0.25,0.8246214661348957,0.0019003410335611008,0.9051344340576938,0.0005667327022392771,0.9368497711349951,0.0004529853421256818
220,qrs_ablation,resnet1d_hybrid_qrs_unprotected_s42,0.5,0.8263979576230308,0.00047000516136512424,0.9064363117489203,0.00036658716275590015,0.9375922679502983,0.0002601114527990969
221,qrs_ablation,resnet1d_hybrid_qrs_unprotected_s42,1.0,0.826280309180108,0.0,0.9068156041693044,0.0,0.9378319611585729,0.0
222,qrs_ablation,resnet1d_hybrid_qrs_unprotected_s456,0.01,0.81244485229238,0.004684077865512568,0.8922857860501967,0.0045026492855910925,0.9279870282590904,0.003999294207723255
223,qrs_ablation,resnet1d_hybrid_qrs_unprotected_s456,0.05,0.8220096707020083,0.002246962064362713,0.9035784337078917,0.002467365415286559,0.9371762741471286,0.0014492490388522178
224,qrs_ablation,resnet1d_hybrid_qrs_unprotected_s456,0.1,0.8237273379686819,0.001648422206203584,0.9046884660080464,0.0007442857498060643,0.9380118399971756,0.0006292185996436418
225,qrs_ablation,resnet1d_hybrid_qrs_unprotected_s456,0.25,0.8241626372074965,0.002487951653347974,0.9067160139062739,0.0008404867109074409,0.9393412548434973,0.0007878691405571065
226,qrs_ablation,resnet1d_hybrid_qrs_unprotected_s456,0.5,0.8247744091106955,0.00014694285811362912,0.9078682555235265,6.932567557085107e-05,0.9401316444016148,0.00016569137410297818
227,qrs_ablation,resnet1d_hybrid_qrs_unprotected_s456,1.0,0.8260685419828468,0.0,0.908230236617451,0.0,0.9403300907840698,0.0
